<annotation>
	<folder>iloveyou</folder>
	<filename>2021-08-11-133643.jpg</filename>
	<path>/home/andrew/Documents/Computer-Vision/Sign language interprator/Tensorflow/workspace/images/collectedimages/iloveyou/2021-08-11-133643.jpg</path>
	<source>
		<database>Unknown</database>
	</source>
	<size>
		<width>640</width>
		<height>480</height>
		<depth>3</depth>
	</size>
	<segmented>0</segmented>
	<object>
		<name>I Love You</name>
		<pose>Unspecified</pose>
		<truncated>0</truncated>
		<difficult>0</difficult>
		<bndbox>
			<xmin>18</xmin>
			<ymin>90</ymin>
			<xmax>347</xmax>
			<ymax>414</ymax>
		</bndbox>
	</object>
</annotation>
