<annotation>
	<folder>hello</folder>
	<filename>2021-08-11-131905.jpg</filename>
	<path>/home/andrew/Documents/Computer-Vision/Sign language interprator/Tensorflow/workspace/images/collectedimages/hello/2021-08-11-131905.jpg</path>
	<source>
		<database>Unknown</database>
	</source>
	<size>
		<width>640</width>
		<height>480</height>
		<depth>3</depth>
	</size>
	<segmented>0</segmented>
	<object>
		<name>Hello</name>
		<pose>Unspecified</pose>
		<truncated>0</truncated>
		<difficult>0</difficult>
		<bndbox>
			<xmin>258</xmin>
			<ymin>53</ymin>
			<xmax>578</xmax>
			<ymax>450</ymax>
		</bndbox>
	</object>
</annotation>
